0-0-0-0,2
0-0-0-1,2
0-0-11-0,6
0-0-11-1,6
0-0-2-0,5
0-0-2-1,5
0-0-3-0,2
0-0-3-1,2
0-0-4-0,2
0-0-4-1,2
0-0-5-0,5
0-0-5-1,5
0-0-6-0,5
0-0-6-1,5
0-0-7-0,6
0-0-7-1,6
0-0-8-0,2
0-0-8-1,2
0-0-9-0,5
0-0-9-1,5
0-1-0-0,5
0-1-0-1,5
0-1-1-0,5
0-1-1-1,5
0-1-10-0,5
0-1-10-1,5
0-1-11-0,5
0-1-11-1,5
0-1-12-0,5
0-1-12-1,5
0-1-2-0,6
0-1-2-1,6
0-1-3-0,5
0-1-3-1,5
0-1-4-0,5
0-1-4-1,5
0-1-5-0,5
0-1-5-1,5
0-1-6-0,5
0-1-6-1,5
0-1-7-0,2
0-1-7-1,2
0-1-9-0,2
0-1-9-1,2
0-10-0-0,5
0-10-0-1,5
0-10-1-0,5
0-10-1-1,5
0-10-2-0,5
0-10-2-1,5
0-11-0-0,5
0-11-0-1,5
0-11-1-0,2
0-11-1-1,2
0-11-2-0,6
0-11-2-1,6
0-11-3-0,2
0-11-3-1,2
0-12-0-0,5
0-12-0-1,5
0-12-1-0,5
0-12-1-1,5
0-12-2-0,2
0-12-2-1,2
0-12-4-0,5
0-12-4-1,5
0-13-0-0,5
0-13-0-1,5
0-13-1-0,5
0-13-1-1,5
0-13-10-0,5
0-13-10-1,5
0-13-11-0,5
0-13-11-1,5
0-13-2-0,5
0-13-2-1,5
0-13-3-0,5
0-13-3-1,5
0-13-4-0,2
0-13-4-1,2
0-13-5-0,5
0-13-5-1,5
0-13-6-0,5
0-13-6-1,5
0-13-7-0,5
0-13-7-1,5
0-13-8-0,5
0-13-8-1,5
0-13-9-0,5
0-13-9-1,5
0-2-0-0,5
0-2-0-1,5
0-2-1-0,5
0-2-1-1,5
0-2-2-0,5
0-2-2-1,5
0-2-3-0,5
0-2-3-1,5
0-2-4-0,5
0-2-4-1,5
0-2-5-0,5
0-2-5-1,5
0-2-6-0,5
0-2-6-1,5
0-3-0-0,6
0-3-0-1,6
0-3-1-0,5
0-3-1-1,5
0-3-2-0,2
0-3-2-1,2
0-3-3-0,5
0-3-3-1,5
0-4-0-0,5
0-4-0-1,5
0-4-1-0,5
0-4-1-1,5
0-4-2-0,5
0-4-2-1,5
0-5-0-0,5
0-5-0-1,5
0-5-1-0,5
0-5-1-1,5
0-5-2-0,5
0-5-2-1,5
0-6-0-0,5
0-6-0-1,5
0-6-1-0,2
0-6-1-1,2
0-6-10-0,5
0-6-10-1,5
0-6-11-0,5
0-6-11-1,5
0-6-12-0,5
0-6-12-1,5
0-6-13-0,2
0-6-13-1,2
0-6-2-0,5
0-6-2-1,5
0-6-3-0,5
0-6-3-1,5
0-6-4-0,6
0-6-4-1,6
0-6-5-0,5
0-6-5-1,5
0-6-7-0,2
0-6-7-1,2
0-6-8-0,2
0-6-8-1,2
0-6-9-0,5
0-6-9-1,5
0-7-0-0,5
0-7-0-1,5
0-7-1-0,5
0-7-1-1,5
0-7-2-0,5
0-7-2-1,5
0-7-3-0,2
0-7-3-1,2
0-7-4-0,5
0-7-4-1,5
0-7-5-0,2
0-7-5-1,2
0-7-6-0,6
0-7-6-1,6
0-7-7-0,5
0-7-7-1,5
0-7-8-0,5
0-7-8-1,5
0-8-0-0,5
0-8-0-1,5
0-8-1-0,2
0-8-1-1,2
0-8-2-0,2
0-8-2-1,2
0-8-3-0,5
0-8-3-1,5
0-8-4-0,5
0-8-4-1,5
0-8-5-0,2
0-8-5-1,2
0-8-7-0,2
0-8-7-1,2
0-8-8-0,5
0-8-8-1,5
0-8-9-0,6
0-8-9-1,6
0-9-0-0,5
0-9-0-1,5
0-9-1-0,5
0-9-1-1,5
0-9-10-0,5
0-9-10-1,5
0-9-11-0,2
0-9-11-1,2
0-9-12-0,5
0-9-12-1,5
0-9-13-0,2
0-9-13-1,2
0-9-2-0,2
0-9-2-1,2
0-9-3-0,5
0-9-3-1,5
0-9-4-0,5
0-9-4-1,5
0-9-5-0,5
0-9-5-1,5
0-9-6-0,5
0-9-6-1,5
0-9-7-0,5
0-9-7-1,5
0-9-8-0,5
0-9-8-1,5
0-9-9-0,5
0-9-9-1,5
1-0-1-0,5
1-0-1-1,5
1-1-1-0,2
1-1-1-1,2
1-1-2-0,5
1-1-2-1,5
1-2-0-0,5
1-2-0-1,5
1-2-1-0,2
1-2-1-1,2
1-2-2-0,2
1-2-2-1,2
1-2-3-0,5
1-2-3-1,5
1-2-4-0,5
1-2-4-1,5
1-2-5-0,5
1-2-5-1,5
1-2-6-0,2
1-2-6-1,2
10-0-0-0,5
10-0-0-1,5
10-0-1-0,5
10-0-1-1,5
10-0-3-0,5
10-0-3-1,5
10-0-4-0,5
10-0-4-1,5
10-0-5-0,5
10-0-5-1,5
10-0-6-0,5
10-0-6-1,5
10-0-7-0,5
10-0-7-1,5
10-0-8-0,5
10-0-8-1,5
10-1-1-0,5
10-1-1-1,5
10-1-2-0,5
10-1-2-1,5
10-2-0-0,5
10-2-0-1,5
10-2-1-0,2
10-2-1-1,2
10-2-2-0,6
10-2-2-1,6
10-2-3-0,5
10-2-3-1,5
10-3-0-0,2
10-3-0-1,2
10-3-3-0,5
10-3-3-1,5
10-4-0-0,2
10-4-0-1,2
10-4-1-0,5
10-4-1-1,5
10-4-3-0,2
10-4-3-1,2
10-4-4-0,5
10-4-4-1,5
10-4-5-0,5
10-4-5-1,5
10-4-6-0,5
10-4-6-1,5
10-4-7-0,5
10-4-7-1,5
11-0-0-0,5
11-0-0-1,5
11-0-10-0,5
11-0-10-1,5
11-0-11-0,5
11-0-11-1,5
11-0-13-0,5
11-0-13-1,5
11-0-2-0,5
11-0-2-1,5
11-0-3-0,5
11-0-3-1,5
11-0-4-0,5
11-0-4-1,5
11-0-5-0,5
11-0-5-1,5
11-0-6-0,5
11-0-6-1,5
11-0-7-0,6
11-0-7-1,6
11-0-8-0,5
11-0-8-1,5
11-0-9-0,5
11-0-9-1,5
11-1-0-0,2
11-1-0-1,2
11-1-1-0,5
11-1-1-1,5
11-1-2-0,5
11-1-2-1,5
11-1-3-0,5
11-1-3-1,5
11-1-4-0,2
11-1-4-1,2
11-2-0-0,5
11-2-0-1,5
11-2-1-0,5
11-2-1-1,5
11-2-2-0,2
11-2-2-1,2
11-2-4-0,5
11-2-4-1,5
11-2-5-0,2
11-2-5-1,2
11-2-6-0,6
11-2-6-1,6
11-2-7-0,5
11-2-7-1,5
11-2-8-0,5
11-2-8-1,5
11-2-9-0,5
11-2-9-1,5
11-3-0-0,5
11-3-0-1,5
11-4-0-0,5
11-4-0-1,5
11-4-1-0,5
11-4-1-1,5
11-5-0-0,5
11-5-0-1,5
11-5-1-0,5
11-5-1-1,5
11-5-2-0,2
11-5-2-1,2
11-5-3-0,2
11-5-3-1,2
11-5-4-0,5
11-5-4-1,5
12-0-0-0,5
12-0-0-1,5
12-0-1-0,5
12-0-1-1,5
12-0-2-0,5
12-0-2-1,5
12-0-3-0,5
12-0-3-1,5
12-1-0-0,5
12-1-0-1,5
12-1-1-0,2
12-1-1-1,2
12-1-2-0,5
12-1-2-1,5
12-1-3-0,5
12-1-3-1,5
12-2-0-0,2
12-2-0-1,2
12-2-1-0,5
12-2-1-1,5
12-2-10-0,2
12-2-10-1,2
12-2-11-0,5
12-2-11-1,5
12-2-12-0,2
12-2-12-1,2
12-2-13-0,5
12-2-13-1,5
12-2-2-0,5
12-2-2-1,5
12-2-3-0,5
12-2-3-1,5
12-2-4-0,6
12-2-4-1,6
12-2-5-0,5
12-2-5-1,5
12-2-6-0,5
12-2-6-1,5
12-2-7-0,2
12-2-7-1,2
12-2-9-0,5
12-2-9-1,5
12-3-0-0,5
12-3-0-1,5
12-3-1-0,5
12-3-1-1,5
12-3-4-0,5
12-3-4-1,5
12-3-5-0,5
12-3-5-1,5
12-3-6-0,5
12-3-6-1,5
13-0-0-0,5
13-0-0-1,5
13-0-1-0,6
13-0-1-1,6
13-1-0-0,5
13-1-0-1,5
13-1-10-0,5
13-1-10-1,5
13-1-11-0,5
13-1-11-1,5
13-1-12-0,2
13-1-12-1,2
13-1-13-0,5
13-1-13-1,5
13-1-2-0,5
13-1-2-1,5
13-1-3-0,5
13-1-3-1,5
13-1-4-0,2
13-1-4-1,2
13-1-5-0,5
13-1-5-1,5
13-1-7-0,5
13-1-7-1,5
13-1-8-0,5
13-1-8-1,5
13-1-9-0,2
13-1-9-1,2
14-0-0-0,5
14-0-0-1,5
14-0-1-0,5
14-0-1-1,5
14-1-0-0,5
14-1-0-1,5
14-1-1-0,5
14-1-1-1,5
14-1-2-0,5
14-1-2-1,5
14-10-0-0,5
14-10-0-1,5
14-10-1-0,5
14-10-1-1,5
14-10-2-0,5
14-10-2-1,5
14-10-3-0,5
14-10-3-1,5
14-10-4-0,5
14-10-4-1,5
14-10-5-0,5
14-10-5-1,5
14-10-6-0,5
14-10-6-1,5
14-10-7-0,5
14-10-7-1,5
14-10-8-0,5
14-10-8-1,5
14-10-9-0,5
14-10-9-1,5
14-11-0-0,5
14-11-0-1,5
14-11-1-0,2
14-11-1-1,2
14-11-2-0,5
14-11-2-1,5
14-11-3-0,2
14-11-3-1,2
14-12-0-0,5
14-12-0-1,5
14-12-1-0,5
14-12-1-1,5
14-12-10-0,5
14-12-10-1,5
14-12-11-0,5
14-12-11-1,5
14-12-12-0,2
14-12-12-1,2
14-12-13-0,5
14-12-13-1,5
14-12-2-0,5
14-12-2-1,5
14-12-3-0,5
14-12-3-1,5
14-12-4-0,5
14-12-4-1,5
14-12-5-0,5
14-12-5-1,5
14-12-6-0,2
14-12-6-1,2
14-12-7-0,5
14-12-7-1,5
14-12-8-0,5
14-12-8-1,5
14-12-9-0,5
14-12-9-1,5
14-13-0-0,5
14-13-0-1,5
14-13-1-0,5
14-13-1-1,5
14-13-2-0,5
14-13-2-1,5
14-13-3-0,5
14-13-3-1,5
14-13-4-0,5
14-13-4-1,5
14-14-0-0,2
14-14-0-1,2
14-14-1-0,2
14-14-1-1,2
14-14-10-0,5
14-14-10-1,5
14-14-11-0,5
14-14-11-1,5
14-14-2-0,5
14-14-2-1,5
14-14-3-0,6
14-14-3-1,6
14-14-4-0,6
14-14-4-1,6
14-14-5-0,5
14-14-5-1,5
14-14-6-0,5
14-14-6-1,5
14-14-7-0,2
14-14-7-1,2
14-14-8-0,2
14-14-8-1,2
14-14-9-0,5
14-14-9-1,5
14-15-0-0,2
14-15-0-1,2
14-15-1-0,5
14-15-1-1,5
14-15-2-0,5
14-15-2-1,5
14-15-3-0,2
14-15-3-1,2
14-15-5-0,6
14-15-5-1,6
14-15-6-0,6
14-15-6-1,6
14-15-7-0,5
14-15-7-1,5
14-15-8-0,5
14-15-8-1,5
14-15-9-0,5
14-15-9-1,5
14-16-0-0,5
14-16-0-1,5
14-16-1-0,5
14-16-1-1,5
14-16-2-0,5
14-16-2-1,5
14-16-3-0,5
14-16-3-1,5
14-17-0-0,5
14-17-0-1,5
14-17-1-0,2
14-17-1-1,2
14-2-0-0,2
14-2-0-1,2
14-2-1-0,5
14-2-1-1,5
14-2-2-0,2
14-2-2-1,2
14-2-3-0,5
14-2-3-1,5
14-2-4-0,5
14-2-4-1,5
14-3-0-0,5
14-3-0-1,5
14-3-2-0,5
14-3-2-1,5
14-3-3-0,5
14-3-3-1,5
14-3-4-0,6
14-3-4-1,6
14-3-5-0,5
14-3-5-1,5
14-4-0-0,5
14-4-0-1,5
14-4-1-0,5
14-4-1-1,5
14-5-0-0,5
14-5-0-1,5
14-5-1-0,6
14-5-1-1,6
14-5-2-0,5
14-5-2-1,5
14-5-3-0,5
14-5-3-1,5
14-5-4-0,5
14-5-4-1,5
14-5-5-0,5
14-5-5-1,5
14-6-0-0,2
14-6-0-1,2
14-6-1-0,5
14-6-1-1,5
14-6-10-0,5
14-6-10-1,5
14-6-11-0,2
14-6-11-1,2
14-6-12-0,6
14-6-12-1,6
14-6-2-0,5
14-6-2-1,5
14-6-3-0,6
14-6-3-1,6
14-6-4-0,5
14-6-4-1,5
14-6-5-0,5
14-6-5-1,5
14-6-6-0,5
14-6-6-1,5
14-6-7-0,2
14-6-7-1,2
14-6-8-0,2
14-6-8-1,2
14-6-9-0,5
14-6-9-1,5
14-7-1-0,2
14-7-1-1,2
14-7-2-0,5
14-7-2-1,5
14-7-3-0,5
14-7-3-1,5
14-7-4-0,5
14-7-4-1,5
14-8-0-0,5
14-8-0-1,5
14-8-1-0,5
14-8-1-1,5
14-8-2-0,5
14-8-2-1,5
14-8-3-0,6
14-8-3-1,6
14-9-0-0,6
14-9-0-1,6
14-9-1-0,5
14-9-1-1,5
14-9-10-0,5
14-9-10-1,5
14-9-11-0,6
14-9-11-1,6
14-9-12-0,5
14-9-12-1,5
14-9-13-0,5
14-9-13-1,5
14-9-2-0,5
14-9-2-1,5
14-9-3-0,5
14-9-3-1,5
14-9-4-0,5
14-9-4-1,5
14-9-5-0,5
14-9-5-1,5
14-9-6-0,2
14-9-6-1,2
14-9-8-0,5
14-9-8-1,5
14-9-9-0,5
14-9-9-1,5
15-0-0-0,5
15-0-0-1,5
15-0-10-0,2
15-0-10-1,2
15-0-11-0,5
15-0-11-1,5
15-0-12-0,5
15-0-12-1,5
15-0-13-0,5
15-0-13-1,5
15-0-2-0,5
15-0-2-1,5
15-0-4-0,5
15-0-4-1,5
15-0-5-0,2
15-0-5-1,2
15-0-6-0,5
15-0-6-1,5
15-0-7-0,6
15-0-7-1,6
15-0-8-0,5
15-0-8-1,5
15-0-9-0,5
15-0-9-1,5
15-1-0-0,5
15-1-0-1,5
15-1-3-0,2
15-1-3-1,2
15-2-1-0,5
15-2-1-1,5
15-2-10-0,2
15-2-10-1,2
15-2-11-0,5
15-2-11-1,5
15-2-12-0,2
15-2-12-1,2
15-2-13-0,5
15-2-13-1,5
15-2-2-0,5
15-2-2-1,5
15-2-3-0,5
15-2-3-1,5
15-2-4-0,5
15-2-4-1,5
15-2-6-0,5
15-2-6-1,5
15-2-7-0,5
15-2-7-1,5
15-2-8-0,5
15-2-8-1,5
15-2-9-0,5
15-2-9-1,5
15-3-0-0,2
15-3-0-1,2
15-3-1-0,5
15-3-1-1,5
15-3-2-0,5
15-3-2-1,5
15-3-3-0,6
15-3-3-1,6
15-3-4-0,5
15-3-4-1,5
15-3-5-0,2
15-3-5-1,2
15-3-6-0,5
15-3-6-1,5
16-0-0-0,5
16-0-0-1,5
16-0-1-0,5
16-0-1-1,5
16-0-10-0,5
16-0-10-1,5
16-0-11-0,5
16-0-11-1,5
16-0-12-0,5
16-0-12-1,5
16-0-13-0,6
16-0-13-1,6
16-0-3-0,5
16-0-3-1,5
16-0-4-0,2
16-0-4-1,2
16-0-6-0,5
16-0-6-1,5
16-0-7-0,6
16-0-7-1,6
16-0-9-0,2
16-0-9-1,2
16-1-0-0,5
16-1-0-1,5
16-1-1-0,5
16-1-1-1,5
16-1-3-0,5
16-1-3-1,5
16-1-4-0,5
16-1-4-1,5
16-1-5-0,2
16-1-5-1,2
16-1-6-0,2
16-1-6-1,2
16-1-7-0,5
16-1-7-1,5
16-1-8-0,5
16-1-8-1,5
16-1-9-0,5
16-1-9-1,5
16-10-0-0,5
16-10-0-1,5
16-10-1-0,2
16-10-1-1,2
16-10-2-0,5
16-10-2-1,5
16-10-3-0,5
16-10-3-1,5
16-10-4-0,5
16-10-4-1,5
16-10-5-0,2
16-10-5-1,2
16-10-6-0,5
16-10-6-1,5
16-10-7-0,5
16-10-7-1,5
16-10-8-0,6
16-10-8-1,6
16-10-9-0,6
16-10-9-1,6
16-2-0-0,5
16-2-0-1,5
16-2-1-0,5
16-2-1-1,5
16-2-2-0,5
16-2-2-1,5
16-2-3-0,5
16-2-3-1,5
16-3-0-0,6
16-3-0-1,6
16-3-1-0,2
16-3-1-1,2
16-3-2-0,5
16-3-2-1,5
16-3-3-0,2
16-3-3-1,2
16-4-0-0,5
16-4-0-1,5
16-4-1-0,5
16-4-1-1,5
16-4-2-0,2
16-4-2-1,2
16-4-3-0,5
16-4-3-1,5
16-4-4-0,5
16-4-4-1,5
16-4-5-0,5
16-4-5-1,5
16-4-6-0,5
16-4-6-1,5
16-5-0-0,2
16-5-0-1,2
16-5-1-0,5
16-5-1-1,5
16-5-2-0,5
16-5-2-1,5
16-5-3-0,5
16-5-3-1,5
16-5-4-0,5
16-5-4-1,5
16-5-6-0,5
16-5-6-1,5
16-6-0-0,5
16-6-0-1,5
16-6-1-0,2
16-6-1-1,2
16-6-2-0,5
16-6-2-1,5
16-6-3-0,6
16-6-3-1,6
16-6-4-0,5
16-6-4-1,5
16-6-5-0,2
16-6-5-1,2
16-7-0-0,5
16-7-0-1,5
16-7-1-0,5
16-7-1-1,5
16-7-2-0,6
16-7-2-1,6
16-7-3-0,5
16-7-3-1,5
16-8-0-0,5
16-8-0-1,5
16-8-1-0,5
16-8-1-1,5
16-8-11-0,2
16-8-11-1,2
16-8-12-0,5
16-8-12-1,5
16-8-13-0,5
16-8-13-1,5
16-8-2-0,5
16-8-2-1,5
16-8-3-0,5
16-8-3-1,5
16-8-4-0,5
16-8-4-1,5
16-8-5-0,5
16-8-5-1,5
16-8-6-0,5
16-8-6-1,5
16-8-7-0,2
16-8-7-1,2
16-8-8-0,5
16-8-8-1,5
16-8-9-0,5
16-8-9-1,5
16-9-0-0,2
16-9-0-1,2
16-9-1-0,5
16-9-1-1,5
16-9-2-0,5
16-9-2-1,5
16-9-3-0,2
16-9-3-1,2
16-9-4-0,5
16-9-4-1,5
16-9-5-0,5
16-9-5-1,5
17-0-0-0,5
17-0-0-1,5
17-0-1-0,5
17-0-1-1,5
17-0-2-0,5
17-0-2-1,5
17-0-3-0,2
17-0-3-1,2
17-0-4-0,5
17-0-4-1,5
17-1-0-0,6
17-1-0-1,6
17-1-1-0,5
17-1-1-1,5
17-1-3-0,5
17-1-3-1,5
17-1-4-0,5
17-1-4-1,5
17-1-6-0,5
17-1-6-1,5
17-1-7-0,5
17-1-7-1,5
17-1-8-0,2
17-1-8-1,2
17-2-0-0,2
17-2-0-1,2
17-2-1-0,2
17-2-1-1,2
17-2-2-0,5
17-2-2-1,5
17-3-0-0,5
17-3-0-1,5
17-3-1-0,2
17-3-1-1,2
18-0-0-0,5
18-0-0-1,5
18-0-1-0,5
18-0-1-1,5
18-0-2-0,5
18-0-2-1,5
18-0-3-0,2
18-0-3-1,2
18-0-4-0,5
18-0-4-1,5
18-1-0-0,5
18-1-0-1,5
18-1-2-0,5
18-1-2-1,5
18-1-3-0,6
18-1-3-1,6
18-1-4-0,5
18-1-4-1,5
18-2-0-0,6
18-2-0-1,6
18-2-1-0,5
18-2-1-1,5
18-2-2-0,5
18-2-2-1,5
18-2-3-0,5
18-2-3-1,5
18-2-4-0,2
18-2-4-1,2
18-2-5-0,5
18-2-5-1,5
18-3-0-0,2
18-3-0-1,2
18-3-1-0,2
18-3-1-1,2
18-3-2-0,5
18-3-2-1,5
18-3-3-0,5
18-3-3-1,5
18-3-5-0,6
18-3-5-1,6
18-3-6-0,2
18-3-6-1,2
18-3-7-0,2
18-3-7-1,2
18-3-8-0,5
18-3-8-1,5
18-3-9-0,5
18-3-9-1,5
18-4-0-0,5
18-4-0-1,5
18-4-1-0,2
18-4-1-1,2
18-4-2-0,6
18-4-2-1,6
18-4-3-0,5
18-4-3-1,5
18-4-4-0,2
18-4-4-1,2
18-4-5-0,2
18-4-5-1,2
18-4-6-0,2
18-4-6-1,2
18-4-7-0,5
18-4-7-1,5
18-4-8-0,5
18-4-8-1,5
19-0-0-0,5
19-0-0-1,5
19-0-1-0,2
19-0-1-1,2
19-0-2-0,5
19-0-2-1,5
19-0-3-0,5
19-0-3-1,5
19-0-4-0,5
19-0-4-1,5
19-0-5-0,5
19-0-5-1,5
19-0-6-0,5
19-0-6-1,5
2-0-0-0,5
2-0-0-1,5
2-0-11-0,2
2-0-11-1,2
2-0-12-0,2
2-0-12-1,2
2-0-13-0,5
2-0-13-1,5
2-0-2-0,5
2-0-2-1,5
2-0-3-0,5
2-0-3-1,5
2-0-4-0,5
2-0-4-1,5
2-0-5-0,5
2-0-5-1,5
2-0-6-0,2
2-0-6-1,2
2-0-7-0,5
2-0-7-1,5
2-0-8-0,2
2-0-8-1,2
2-0-9-0,5
2-0-9-1,5
2-1-1-0,5
2-1-1-1,5
2-2-0-0,6
2-2-0-1,6
2-2-1-0,5
2-2-1-1,5
2-2-2-0,5
2-2-2-1,5
2-2-3-0,5
2-2-3-1,5
2-2-4-0,5
2-2-4-1,5
2-2-5-0,5
2-2-5-1,5
2-2-6-0,5
2-2-6-1,5
2-2-7-0,6
2-2-7-1,6
2-2-8-0,5
2-2-8-1,5
2-3-0-0,2
2-3-0-1,2
2-3-1-0,6
2-3-1-1,6
2-3-3-0,5
2-3-3-1,5
2-3-4-0,5
2-3-4-1,5
2-3-5-0,5
2-3-5-1,5
2-3-6-0,5
2-3-6-1,5
2-3-7-0,2
2-3-7-1,2
2-3-8-0,5
2-3-8-1,5
2-3-9-0,5
2-3-9-1,5
2-4-0-0,5
2-4-0-1,5
2-4-1-0,6
2-4-1-1,6
2-4-2-0,5
2-4-2-1,5
2-4-3-0,2
2-4-3-1,2
2-4-4-0,5
2-4-4-1,5
2-5-0-0,5
2-5-0-1,5
2-5-1-0,5
2-5-1-1,5
2-5-11-0,5
2-5-11-1,5
2-5-2-0,2
2-5-2-1,2
2-5-3-0,5
2-5-3-1,5
2-5-4-0,5
2-5-4-1,5
2-5-5-0,2
2-5-5-1,2
2-5-6-0,5
2-5-6-1,5
2-5-7-0,5
2-5-7-1,5
2-5-8-0,2
2-5-8-1,2
2-5-9-0,2
2-5-9-1,2
20-0-0-0,5
20-0-0-1,5
20-0-1-0,5
20-0-1-1,5
20-0-2-0,5
20-0-2-1,5
20-0-3-0,5
20-0-3-1,5
20-0-4-0,5
20-0-4-1,5
20-0-5-0,2
20-0-5-1,2
20-0-6-0,5
20-0-6-1,5
20-0-7-0,5
20-0-7-1,5
20-1-0-0,5
20-1-0-1,5
20-1-1-0,5
20-1-1-1,5
20-1-2-0,5
20-1-2-1,5
20-1-3-0,6
20-1-3-1,6
20-1-4-0,2
20-1-4-1,2
20-1-5-0,5
20-1-5-1,5
20-2-0-0,5
20-2-0-1,5
20-2-1-0,2
20-2-1-1,2
20-2-2-0,5
20-2-2-1,5
20-2-3-0,5
20-2-3-1,5
20-2-4-0,5
20-2-4-1,5
20-2-5-0,5
20-2-5-1,5
20-2-6-0,5
20-2-6-1,5
20-3-0-0,2
20-3-0-1,2
20-3-1-0,5
20-3-1-1,5
20-4-0-0,5
20-4-0-1,5
20-4-1-0,2
20-4-1-1,2
20-4-10-0,6
20-4-10-1,6
20-4-3-0,5
20-4-3-1,5
20-4-4-0,5
20-4-4-1,5
20-4-5-0,5
20-4-5-1,5
20-4-6-0,5
20-4-6-1,5
20-4-7-0,5
20-4-7-1,5
20-4-8-0,5
20-4-8-1,5
20-4-9-0,5
20-4-9-1,5
20-5-0-0,5
20-5-0-1,5
20-5-1-0,5
20-5-1-1,5
20-5-2-0,5
20-5-2-1,5
20-5-3-0,5
20-5-3-1,5
20-5-4-0,5
20-5-4-1,5
20-5-5-0,5
20-5-5-1,5
20-5-6-0,6
20-5-6-1,6
20-5-7-0,5
20-5-7-1,5
20-6-0-0,2
20-6-0-1,2
20-6-1-0,6
20-6-1-1,6
20-6-2-0,5
20-6-2-1,5
20-6-3-0,5
20-6-3-1,5
20-6-4-0,6
20-6-4-1,6
20-6-5-0,5
20-6-5-1,5
20-6-6-0,6
20-6-6-1,6
20-6-7-0,2
20-6-7-1,2
20-6-8-0,2
20-6-8-1,2
20-7-0-0,5
20-7-0-1,5
20-7-1-0,2
20-7-1-1,2
20-7-2-0,5
20-7-2-1,5
20-7-3-0,6
20-7-3-1,6
20-7-4-0,2
20-7-4-1,2
20-7-5-0,5
20-7-5-1,5
20-7-6-0,5
20-7-6-1,5
20-7-7-0,5
20-7-7-1,5
20-7-8-0,5
20-7-8-1,5
21-0-0-0,2
21-0-0-1,2
21-0-1-0,6
21-0-1-1,6
21-0-2-0,6
21-0-2-1,6
21-0-3-0,2
21-0-3-1,2
21-1-0-0,5
21-1-0-1,5
21-1-1-0,5
21-1-1-1,5
21-10-0-0,5
21-10-0-1,5
21-10-1-0,5
21-10-1-1,5
21-10-10-0,5
21-10-10-1,5
21-10-11-0,5
21-10-11-1,5
21-10-12-0,5
21-10-12-1,5
21-10-13-0,5
21-10-13-1,5
21-10-2-0,2
21-10-2-1,2
21-10-3-0,5
21-10-3-1,5
21-10-4-0,6
21-10-4-1,6
21-10-5-0,5
21-10-5-1,5
21-10-6-0,5
21-10-6-1,5
21-10-7-0,5
21-10-7-1,5
21-10-8-0,5
21-10-8-1,5
21-10-9-0,5
21-10-9-1,5
21-11-0-0,5
21-11-0-1,5
21-11-1-0,5
21-11-1-1,5
21-11-2-0,5
21-11-2-1,5
21-11-3-0,5
21-11-3-1,5
21-11-4-0,5
21-11-4-1,5
21-11-5-0,5
21-11-5-1,5
21-11-6-0,2
21-11-6-1,2
21-11-7-0,5
21-11-7-1,5
21-11-8-0,5
21-11-8-1,5
21-12-0-0,2
21-12-0-1,2
21-12-2-0,2
21-12-2-1,2
21-12-4-0,2
21-12-4-1,2
21-12-5-0,2
21-12-5-1,2
21-12-6-0,5
21-12-6-1,5
21-12-7-0,2
21-12-7-1,2
21-13-0-0,2
21-13-0-1,2
21-13-1-0,2
21-13-1-1,2
21-13-10-0,5
21-13-10-1,5
21-13-11-0,5
21-13-11-1,5
21-13-12-0,5
21-13-12-1,5
21-13-2-0,2
21-13-2-1,2
21-13-3-0,2
21-13-3-1,2
21-13-4-0,2
21-13-4-1,2
21-13-5-0,5
21-13-5-1,5
21-13-6-0,5
21-13-6-1,5
21-13-7-0,2
21-13-7-1,2
21-13-8-0,5
21-13-8-1,5
21-13-9-0,5
21-13-9-1,5
21-2-0-0,2
21-2-0-1,2
21-2-1-0,2
21-2-1-1,2
21-2-3-0,5
21-2-3-1,5
21-2-4-0,5
21-2-4-1,5
21-3-1-0,2
21-3-1-1,2
21-3-10-0,5
21-3-10-1,5
21-3-11-0,5
21-3-11-1,5
21-3-12-0,5
21-3-12-1,5
21-3-13-0,5
21-3-13-1,5
21-3-2-0,5
21-3-2-1,5
21-3-3-0,5
21-3-3-1,5
21-3-4-0,5
21-3-4-1,5
21-3-5-0,2
21-3-5-1,2
21-3-6-0,2
21-3-6-1,2
21-3-7-0,6
21-3-7-1,6
21-3-9-0,5
21-3-9-1,5
21-4-0-0,5
21-4-0-1,5
21-4-1-0,6
21-4-1-1,6
21-4-10-0,5
21-4-10-1,5
21-4-11-0,5
21-4-11-1,5
21-4-13-0,2
21-4-13-1,2
21-4-2-0,5
21-4-2-1,5
21-4-3-0,5
21-4-3-1,5
21-4-4-0,5
21-4-4-1,5
21-4-5-0,5
21-4-5-1,5
21-4-6-0,5
21-4-6-1,5
21-4-8-0,2
21-4-8-1,2
21-4-9-0,6
21-4-9-1,6
21-5-0-0,5
21-5-0-1,5
21-5-1-0,5
21-5-1-1,5
21-5-2-0,5
21-5-2-1,5
21-5-3-0,5
21-5-3-1,5
21-6-10-0,2
21-6-10-1,2
21-6-11-0,5
21-6-11-1,5
21-6-12-0,6
21-6-12-1,6
21-6-13-0,6
21-6-13-1,6
21-6-2-0,5
21-6-2-1,5
21-6-3-0,5
21-6-3-1,5
21-6-4-0,5
21-6-4-1,5
21-6-5-0,6
21-6-5-1,6
21-6-6-0,2
21-6-6-1,2
21-6-7-0,5
21-6-7-1,5
21-6-8-0,5
21-6-8-1,5
21-6-9-0,5
21-6-9-1,5
21-7-0-0,2
21-7-0-1,2
21-7-2-0,2
21-7-2-1,2
21-7-3-0,5
21-7-3-1,5
21-7-4-0,5
21-7-4-1,5
21-8-0-0,6
21-8-0-1,6
21-8-1-0,2
21-8-1-1,2
21-8-10-0,5
21-8-10-1,5
21-8-11-0,5
21-8-11-1,5
21-8-2-0,2
21-8-2-1,2
21-8-3-0,2
21-8-3-1,2
21-8-5-0,5
21-8-5-1,5
21-8-6-0,5
21-8-6-1,5
21-8-7-0,2
21-8-7-1,2
21-8-8-0,2
21-8-8-1,2
21-8-9-0,5
21-8-9-1,5
21-9-0-0,5
21-9-0-1,5
21-9-1-0,5
21-9-1-1,5
21-9-10-0,5
21-9-10-1,5
21-9-11-0,5
21-9-11-1,5
21-9-12-0,5
21-9-12-1,5
21-9-13-0,5
21-9-13-1,5
21-9-2-0,5
21-9-2-1,5
21-9-3-0,5
21-9-3-1,5
21-9-4-0,6
21-9-4-1,6
21-9-5-0,2
21-9-5-1,2
21-9-6-0,2
21-9-6-1,2
21-9-7-0,5
21-9-7-1,5
21-9-8-0,5
21-9-8-1,5
21-9-9-0,2
21-9-9-1,2
22-0-0-0,5
22-0-0-1,5
22-0-1-0,2
22-0-1-1,2
22-0-2-0,6
22-0-2-1,6
22-0-3-0,5
22-0-3-1,5
22-0-4-0,2
22-0-4-1,2
22-0-5-0,5
22-0-5-1,5
22-0-6-0,5
22-0-6-1,5
22-1-0-0,5
22-1-0-1,5
22-1-1-0,2
22-1-1-1,2
22-1-2-0,5
22-1-2-1,5
22-2-0-0,2
22-2-0-1,2
22-2-1-0,2
22-2-1-1,2
22-2-10-0,5
22-2-10-1,5
22-2-11-0,5
22-2-11-1,5
22-2-12-0,2
22-2-12-1,2
22-2-13-0,6
22-2-13-1,6
22-2-4-0,5
22-2-4-1,5
22-2-5-0,5
22-2-5-1,5
22-2-6-0,5
22-2-6-1,5
22-2-8-0,5
22-2-8-1,5
22-2-9-0,5
22-2-9-1,5
22-3-0-0,6
22-3-0-1,6
22-3-1-0,5
22-3-1-1,5
22-3-2-0,5
22-3-2-1,5
22-3-3-0,6
22-3-3-1,6
22-3-5-0,2
22-3-5-1,2
22-3-6-0,5
22-3-6-1,5
22-3-7-0,5
22-3-7-1,5
23-0-0-0,2
23-0-0-1,2
23-0-1-0,5
23-0-1-1,5
23-0-2-0,5
23-0-2-1,5
23-0-3-0,2
23-0-3-1,2
23-1-0-0,5
23-1-0-1,5
23-1-1-0,5
23-1-1-1,5
23-1-2-0,5
23-1-2-1,5
23-1-3-0,5
23-1-3-1,5
23-1-4-0,5
23-1-4-1,5
23-1-5-0,5
23-1-5-1,5
23-1-6-0,5
23-1-6-1,5
23-2-0-0,5
23-2-0-1,5
23-2-2-0,5
23-2-2-1,5
23-2-3-0,5
23-2-3-1,5
23-3-0-0,5
23-3-0-1,5
23-3-1-0,5
23-3-1-1,5
23-3-2-0,5
23-3-2-1,5
23-3-3-0,2
23-3-3-1,2
23-3-4-0,5
23-3-4-1,5
23-3-5-0,5
23-3-5-1,5
23-3-6-0,5
23-3-6-1,5
24-0-1-0,5
24-0-1-1,5
24-0-10-0,5
24-0-10-1,5
24-0-11-0,6
24-0-11-1,6
24-0-12-0,2
24-0-12-1,2
24-0-13-0,5
24-0-13-1,5
24-0-2-0,2
24-0-2-1,2
24-0-3-0,5
24-0-3-1,5
24-0-4-0,5
24-0-4-1,5
24-0-5-0,5
24-0-5-1,5
24-0-6-0,2
24-0-6-1,2
24-0-7-0,2
24-0-7-1,2
24-0-8-0,6
24-0-8-1,6
24-0-9-0,5
24-0-9-1,5
24-1-0-0,5
24-1-0-1,5
24-1-1-0,5
24-1-1-1,5
24-1-2-0,5
24-1-2-1,5
24-1-3-0,5
24-1-3-1,5
24-2-0-0,5
24-2-0-1,5
24-2-1-0,2
24-2-1-1,2
24-2-2-0,2
24-2-2-1,2
24-3-0-0,5
24-3-0-1,5
24-3-1-0,5
24-3-1-1,5
24-3-10-0,5
24-3-10-1,5
24-3-11-0,5
24-3-11-1,5
24-3-3-0,5
24-3-3-1,5
24-3-4-0,5
24-3-4-1,5
24-3-5-0,6
24-3-5-1,6
24-3-7-0,5
24-3-7-1,5
24-3-8-0,5
24-3-8-1,5
24-4-0-0,5
24-4-0-1,5
24-4-1-0,6
24-4-1-1,6
24-4-2-0,5
24-4-2-1,5
24-4-3-0,5
24-4-3-1,5
24-5-0-0,2
24-5-0-1,2
24-5-1-0,5
24-5-1-1,5
24-5-2-0,5
24-5-2-1,5
24-6-0-0,5
24-6-0-1,5
24-6-1-0,6
24-6-1-1,6
24-6-2-0,6
24-6-2-1,6
24-6-3-0,5
24-6-3-1,5
24-6-4-0,5
24-6-4-1,5
24-7-0-0,5
24-7-0-1,5
24-7-1-0,6
24-7-1-1,6
24-7-2-0,5
24-7-2-1,5
24-7-4-0,5
24-7-4-1,5
24-7-5-0,5
24-7-5-1,5
25-0-0-0,2
25-0-0-1,2
25-0-1-0,5
25-0-1-1,5
25-0-2-0,5
25-0-2-1,5
25-0-3-0,5
25-0-3-1,5
25-0-4-0,5
25-0-4-1,5
25-0-5-0,5
25-0-5-1,5
25-0-6-0,2
25-0-6-1,2
25-0-7-0,6
25-0-7-1,6
25-0-8-0,5
25-0-8-1,5
25-1-0-0,5
25-1-0-1,5
25-1-1-0,2
25-1-1-1,2
25-1-10-0,5
25-1-10-1,5
25-1-11-0,5
25-1-11-1,5
25-1-12-0,2
25-1-12-1,2
25-1-2-0,5
25-1-2-1,5
25-1-3-0,5
25-1-3-1,5
25-1-4-0,5
25-1-4-1,5
25-1-5-0,5
25-1-5-1,5
25-1-6-0,5
25-1-6-1,5
25-1-8-0,2
25-1-8-1,2
25-1-9-0,2
25-1-9-1,2
25-2-0-0,2
25-2-0-1,2
25-2-2-0,5
25-2-2-1,5
25-2-3-0,5
25-2-3-1,5
25-2-4-0,2
25-2-4-1,2
25-3-0-0,5
25-3-0-1,5
25-3-1-0,2
25-3-1-1,2
25-3-2-0,2
25-3-2-1,2
25-3-3-0,5
25-3-3-1,5
25-3-4-0,5
25-3-4-1,5
25-3-5-0,5
25-3-5-1,5
25-4-0-0,5
25-4-0-1,5
25-4-1-0,2
25-4-1-1,2
25-4-10-0,2
25-4-10-1,2
25-4-2-0,2
25-4-2-1,2
25-4-3-0,5
25-4-3-1,5
25-4-4-0,5
25-4-4-1,5
25-4-5-0,6
25-4-5-1,6
25-4-6-0,2
25-4-6-1,2
25-4-7-0,5
25-4-7-1,5
25-4-8-0,5
25-4-8-1,5
25-4-9-0,5
25-4-9-1,5
25-5-0-0,5
25-5-0-1,5
25-5-1-0,5
25-5-1-1,5
26-0-0-0,5
26-0-0-1,5
26-0-1-0,5
26-0-1-1,5
26-0-3-0,5
26-0-3-1,5
26-0-4-0,5
26-0-4-1,5
26-1-0-0,2
26-1-0-1,2
26-1-2-0,2
26-1-2-1,2
26-1-3-0,5
26-1-3-1,5
26-2-1-0,5
26-2-1-1,5
26-2-3-0,5
26-2-3-1,5
26-2-4-0,5
26-2-4-1,5
26-2-5-0,5
26-2-5-1,5
26-2-6-0,5
26-2-6-1,5
26-3-0-0,5
26-3-0-1,5
26-3-1-0,5
26-3-1-1,5
26-3-10-0,5
26-3-10-1,5
26-3-2-0,5
26-3-2-1,5
26-3-3-0,5
26-3-3-1,5
26-3-4-0,2
26-3-4-1,2
26-3-5-0,5
26-3-5-1,5
26-3-6-0,5
26-3-6-1,5
26-3-7-0,2
26-3-7-1,2
26-3-8-0,2
26-3-8-1,2
26-3-9-0,2
26-3-9-1,2
26-4-0-0,5
26-4-0-1,5
26-4-1-0,2
26-4-1-1,2
26-4-10-0,5
26-4-10-1,5
26-4-11-0,6
26-4-11-1,6
26-4-12-0,6
26-4-12-1,6
26-4-13-0,2
26-4-13-1,2
26-4-2-0,5
26-4-2-1,5
26-4-3-0,2
26-4-3-1,2
26-4-4-0,5
26-4-4-1,5
26-4-5-0,5
26-4-5-1,5
26-4-6-0,5
26-4-6-1,5
26-4-7-0,5
26-4-7-1,5
26-4-8-0,5
26-4-8-1,5
26-4-9-0,5
26-4-9-1,5
26-5-0-0,5
26-5-0-1,5
26-5-1-0,5
26-5-1-1,5
26-5-2-0,2
26-5-2-1,2
26-5-3-0,5
26-5-3-1,5
26-5-4-0,5
26-5-4-1,5
26-5-5-0,2
26-5-5-1,2
26-5-6-0,5
26-5-6-1,5
26-5-7-0,6
26-5-7-1,6
26-5-8-0,5
26-5-8-1,5
27-0-0-0,5
27-0-0-1,5
27-0-1-0,5
27-0-1-1,5
27-0-2-0,5
27-0-2-1,5
27-1-0-0,5
27-1-0-1,5
27-1-1-0,5
27-1-1-1,5
27-1-2-0,5
27-1-2-1,5
27-1-3-0,2
27-1-3-1,2
27-1-4-0,6
27-1-4-1,6
27-1-5-0,5
27-1-5-1,5
27-1-6-0,2
27-1-6-1,2
27-1-7-0,2
27-1-7-1,2
27-2-0-0,5
27-2-0-1,5
27-2-1-0,2
27-2-1-1,2
27-2-2-0,5
27-2-2-1,5
27-3-0-0,5
27-3-0-1,5
27-3-1-0,5
27-3-1-1,5
27-3-2-0,5
27-3-2-1,5
27-4-0-0,5
27-4-0-1,5
27-4-1-0,5
27-4-1-1,5
27-4-2-0,5
27-4-2-1,5
27-4-3-0,5
27-4-3-1,5
27-4-4-0,5
27-4-4-1,5
27-5-0-0,5
27-5-0-1,5
27-5-1-0,5
27-5-1-1,5
27-5-2-0,5
27-5-2-1,5
27-5-3-0,5
27-5-3-1,5
27-5-4-0,5
27-5-4-1,5
27-5-5-0,5
27-5-5-1,5
27-5-6-0,5
27-5-6-1,5
27-5-7-0,5
27-5-7-1,5
27-5-8-0,2
27-5-8-1,2
27-5-9-0,5
27-5-9-1,5
27-6-0-0,2
27-6-0-1,2
27-6-1-0,5
27-6-1-1,5
27-6-2-0,5
27-6-2-1,5
27-6-3-0,2
27-6-3-1,2
27-6-4-0,5
27-6-4-1,5
27-6-5-0,2
27-6-5-1,2
27-6-6-0,5
27-6-6-1,5
27-7-0-0,5
27-7-0-1,5
27-7-1-0,6
27-7-1-1,6
27-7-2-0,5
27-7-2-1,5
27-7-3-0,5
27-7-3-1,5
27-7-4-0,5
27-7-4-1,5
27-7-5-0,5
27-7-5-1,5
27-7-6-0,5
27-7-6-1,5
27-8-0-0,5
27-8-0-1,5
27-8-1-0,2
27-8-1-1,2
27-8-2-0,5
27-8-2-1,5
27-8-3-0,5
27-8-3-1,5
27-9-0-0,5
27-9-0-1,5
27-9-1-0,5
27-9-1-1,5
27-9-2-0,5
27-9-2-1,5
27-9-3-0,5
27-9-3-1,5
27-9-4-0,5
27-9-4-1,5
27-9-5-0,5
27-9-5-1,5
27-9-6-0,5
27-9-6-1,5
28-0-0-0,5
28-0-0-1,5
28-0-1-0,5
28-0-1-1,5
28-0-10-0,5
28-0-10-1,5
28-0-2-0,5
28-0-2-1,5
28-0-3-0,2
28-0-3-1,2
28-0-4-0,5
28-0-4-1,5
28-0-5-0,5
28-0-5-1,5
28-0-6-0,5
28-0-6-1,5
28-0-7-0,5
28-0-7-1,5
28-0-8-0,5
28-0-8-1,5
28-0-9-0,2
28-0-9-1,2
28-1-0-0,5
28-1-0-1,5
28-1-1-0,5
28-1-1-1,5
28-1-2-0,5
28-1-2-1,5
28-1-4-0,5
28-1-4-1,5
28-1-5-0,5
28-1-5-1,5
28-1-6-0,5
28-1-6-1,5
28-1-7-0,5
28-1-7-1,5
28-10-0-0,2
28-10-0-1,2
28-10-1-0,5
28-10-1-1,5
28-10-2-0,5
28-10-2-1,5
28-10-3-0,5
28-10-3-1,5
28-10-4-0,5
28-10-4-1,5
28-10-5-0,2
28-10-5-1,2
28-10-6-0,5
28-10-6-1,5
28-11-0-0,5
28-11-0-1,5
28-11-1-0,2
28-11-1-1,2
28-11-3-0,5
28-11-3-1,5
28-11-4-0,2
28-11-4-1,2
28-12-0-0,5
28-12-0-1,5
28-12-1-0,5
28-12-1-1,5
28-12-2-0,6
28-12-2-1,6
28-12-3-0,5
28-12-3-1,5
28-12-4-0,2
28-12-4-1,2
28-12-5-0,5
28-12-5-1,5
28-12-6-0,5
28-12-6-1,5
28-13-0-0,5
28-13-0-1,5
28-13-2-0,5
28-13-2-1,5
28-13-3-0,2
28-13-3-1,2
28-13-4-0,6
28-13-4-1,6
28-13-5-0,5
28-13-5-1,5
28-13-6-0,5
28-13-6-1,5
28-14-0-0,2
28-14-0-1,2
28-14-1-0,5
28-14-1-1,5
28-14-2-0,2
28-14-2-1,2
28-14-3-0,5
28-14-3-1,5
28-14-4-0,5
28-14-4-1,5
28-14-5-0,5
28-14-5-1,5
28-14-6-0,5
28-14-6-1,5
28-14-7-0,2
28-14-7-1,2
28-15-0-0,6
28-15-0-1,6
28-15-1-0,5
28-15-1-1,5
28-15-2-0,5
28-15-2-1,5
28-15-3-0,5
28-15-3-1,5
28-15-4-0,5
28-15-4-1,5
28-15-5-0,5
28-15-5-1,5
28-15-6-0,2
28-15-6-1,2
28-15-7-0,5
28-15-7-1,5
28-15-8-0,2
28-15-8-1,2
28-15-9-0,5
28-15-9-1,5
28-16-0-0,5
28-16-0-1,5
28-16-1-0,2
28-16-1-1,2
28-16-2-0,2
28-16-2-1,2
28-16-3-0,2
28-16-3-1,2
28-16-4-0,5
28-16-4-1,5
28-16-5-0,5
28-16-5-1,5
28-17-0-0,6
28-17-0-1,6
28-17-1-0,5
28-17-1-1,5
28-17-2-0,5
28-17-2-1,5
28-17-3-0,6
28-17-3-1,6
28-2-0-0,2
28-2-0-1,2
28-2-1-0,5
28-2-1-1,5
28-2-2-0,5
28-2-2-1,5
28-2-3-0,5
28-2-3-1,5
28-2-4-0,5
28-2-4-1,5
28-2-5-0,5
28-2-5-1,5
28-2-6-0,5
28-2-6-1,5
28-3-0-0,2
28-3-0-1,2
28-3-1-0,5
28-3-1-1,5
28-3-2-0,2
28-3-2-1,2
28-3-3-0,2
28-3-3-1,2
28-3-4-0,5
28-3-4-1,5
28-3-5-0,6
28-3-5-1,6
28-3-6-0,5
28-3-6-1,5
28-4-0-0,5
28-4-0-1,5
28-4-1-0,5
28-4-1-1,5
28-4-10-0,6
28-4-10-1,6
28-4-11-0,2
28-4-11-1,2
28-4-12-0,5
28-4-12-1,5
28-4-13-0,5
28-4-13-1,5
28-4-2-0,2
28-4-2-1,2
28-4-4-0,5
28-4-4-1,5
28-4-5-0,6
28-4-5-1,6
28-4-6-0,2
28-4-6-1,2
28-4-8-0,5
28-4-8-1,5
28-4-9-0,2
28-4-9-1,2
28-5-0-0,5
28-5-0-1,5
28-5-1-0,5
28-5-1-1,5
28-5-2-0,5
28-5-2-1,5
28-5-3-0,5
28-5-3-1,5
28-5-4-0,5
28-5-4-1,5
28-6-0-0,5
28-6-0-1,5
28-6-1-0,5
28-6-1-1,5
28-6-10-0,2
28-6-10-1,2
28-6-2-0,5
28-6-2-1,5
28-6-3-0,5
28-6-3-1,5
28-6-4-0,5
28-6-4-1,5
28-6-5-0,5
28-6-5-1,5
28-6-6-0,5
28-6-6-1,5
28-6-7-0,5
28-6-7-1,5
28-6-8-0,2
28-6-8-1,2
28-6-9-0,5
28-6-9-1,5
28-7-0-0,2
28-7-0-1,2
28-7-1-0,5
28-7-1-1,5
28-7-2-0,5
28-7-2-1,5
28-7-3-0,5
28-7-3-1,5
28-7-4-0,6
28-7-4-1,6
28-8-1-0,5
28-8-1-1,5
28-8-2-0,2
28-8-2-1,2
28-9-0-0,5
28-9-0-1,5
28-9-10-0,5
28-9-10-1,5
28-9-11-0,5
28-9-11-1,5
28-9-12-0,5
28-9-12-1,5
28-9-13-0,5
28-9-13-1,5
28-9-2-0,2
28-9-2-1,2
28-9-3-0,2
28-9-3-1,2
28-9-4-0,5
28-9-4-1,5
28-9-5-0,2
28-9-5-1,2
28-9-6-0,5
28-9-6-1,5
28-9-7-0,2
28-9-7-1,2
28-9-8-0,5
28-9-8-1,5
28-9-9-0,5
28-9-9-1,5
29-0-0-0,2
29-0-0-1,2
29-0-1-0,5
29-0-1-1,5
29-0-10-0,2
29-0-10-1,2
29-0-11-0,5
29-0-11-1,5
29-0-12-0,5
29-0-12-1,5
29-0-13-0,2
29-0-13-1,2
29-0-2-0,2
29-0-2-1,2
29-0-3-0,5
29-0-3-1,5
29-0-4-0,5
29-0-4-1,5
29-0-5-0,5
29-0-5-1,5
29-0-6-0,2
29-0-6-1,2
29-0-7-0,2
29-0-7-1,2
29-0-8-0,5
29-0-8-1,5
29-0-9-0,5
29-0-9-1,5
29-1-0-0,5
29-1-0-1,5
29-1-1-0,2
29-1-1-1,2
29-1-2-0,5
29-1-2-1,5
29-2-0-0,5
29-2-0-1,5
29-2-1-0,5
29-2-1-1,5
29-2-2-0,5
29-2-2-1,5
3-0-0-0,2
3-0-0-1,2
3-0-1-0,5
3-0-1-1,5
3-0-11-0,5
3-0-11-1,5
3-0-12-0,5
3-0-12-1,5
3-0-13-0,5
3-0-13-1,5
3-0-4-0,6
3-0-4-1,6
3-0-5-0,2
3-0-5-1,2
3-0-6-0,2
3-0-6-1,2
3-0-7-0,5
3-0-7-1,5
3-0-8-0,5
3-0-8-1,5
3-0-9-0,5
3-0-9-1,5
3-1-0-0,5
3-1-0-1,5
3-1-1-0,5
3-1-1-1,5
3-1-2-0,5
3-1-2-1,5
3-1-3-0,5
3-1-3-1,5
3-1-4-0,5
3-1-4-1,5
3-1-5-0,5
3-1-5-1,5
3-2-0-0,5
3-2-0-1,5
3-2-1-0,2
3-2-1-1,2
3-2-2-0,2
3-2-2-1,2
3-2-3-0,6
3-2-3-1,6
3-2-4-0,5
3-2-4-1,5
3-2-5-0,5
3-2-5-1,5
3-3-0-0,5
3-3-0-1,5
3-3-10-0,6
3-3-10-1,6
3-3-11-0,6
3-3-11-1,6
3-3-12-0,2
3-3-12-1,2
3-3-13-0,5
3-3-13-1,5
3-3-2-0,5
3-3-2-1,5
3-3-3-0,5
3-3-3-1,5
3-3-4-0,5
3-3-4-1,5
3-3-6-0,5
3-3-6-1,5
3-3-7-0,5
3-3-7-1,5
3-3-8-0,2
3-3-8-1,2
3-3-9-0,5
3-3-9-1,5
30-0-0-0,6
30-0-0-1,6
30-0-1-0,5
30-0-1-1,5
30-0-2-0,5
30-0-2-1,5
30-0-3-0,5
30-0-3-1,5
30-1-1-0,5
30-1-1-1,5
30-1-2-0,5
30-1-2-1,5
30-1-3-0,5
30-1-3-1,5
31-0-0-0,5
31-0-0-1,5
31-0-1-0,5
31-0-1-1,5
31-0-2-0,6
31-0-2-1,6
31-0-3-0,5
31-0-3-1,5
31-0-4-0,5
31-0-4-1,5
31-0-5-0,2
31-0-5-1,2
31-0-6-0,5
31-0-6-1,5
32-0-0-0,5
32-0-0-1,5
32-0-1-0,5
32-0-1-1,5
32-0-2-0,2
32-0-2-1,2
32-0-3-0,5
32-0-3-1,5
32-0-4-0,5
32-0-4-1,5
32-0-5-0,5
32-0-5-1,5
32-0-6-0,5
32-0-6-1,5
32-0-7-0,6
32-0-7-1,6
32-0-8-0,2
32-0-8-1,2
32-0-9-0,5
32-0-9-1,5
32-10-0-0,5
32-10-0-1,5
32-10-1-0,5
32-10-1-1,5
32-11-0-0,2
32-11-0-1,2
32-11-1-0,2
32-11-1-1,2
32-11-2-0,5
32-11-2-1,5
32-11-3-0,5
32-11-3-1,5
32-11-4-0,5
32-11-4-1,5
32-11-5-0,2
32-11-5-1,2
32-11-6-0,5
32-11-6-1,5
32-11-7-0,2
32-11-7-1,2
32-12-0-0,5
32-12-0-1,5
32-12-1-0,2
32-12-1-1,2
32-12-2-0,2
32-12-2-1,2
32-12-3-0,5
32-12-3-1,5
32-12-4-0,5
32-12-4-1,5
32-12-5-0,5
32-12-5-1,5
32-12-6-0,5
32-12-6-1,5
32-12-7-0,5
32-12-7-1,5
32-12-8-0,5
32-12-8-1,5
32-13-0-0,5
32-13-0-1,5
32-13-1-0,5
32-13-1-1,5
32-13-10-0,5
32-13-10-1,5
32-13-11-0,2
32-13-11-1,2
32-13-12-0,5
32-13-12-1,5
32-13-2-0,5
32-13-2-1,5
32-13-3-0,6
32-13-3-1,6
32-13-4-0,5
32-13-4-1,5
32-13-5-0,5
32-13-5-1,5
32-13-7-0,6
32-13-7-1,6
32-13-8-0,5
32-13-8-1,5
32-13-9-0,2
32-13-9-1,2
32-2-0-0,5
32-2-0-1,5
32-2-1-0,6
32-2-1-1,6
32-2-2-0,5
32-2-2-1,5
32-2-3-0,2
32-2-3-1,2
32-2-4-0,5
32-2-4-1,5
32-2-5-0,5
32-2-5-1,5
32-2-6-0,5
32-2-6-1,5
32-3-0-0,5
32-3-0-1,5
32-3-2-0,5
32-3-2-1,5
32-4-0-0,5
32-4-0-1,5
32-4-1-0,5
32-4-1-1,5
32-4-10-0,2
32-4-10-1,2
32-4-11-0,5
32-4-11-1,5
32-4-12-0,5
32-4-12-1,5
32-4-13-0,5
32-4-13-1,5
32-4-2-0,2
32-4-2-1,2
32-4-4-0,5
32-4-4-1,5
32-4-5-0,5
32-4-5-1,5
32-4-6-0,2
32-4-6-1,2
32-4-7-0,5
32-4-7-1,5
32-4-8-0,5
32-4-8-1,5
32-4-9-0,5
32-4-9-1,5
32-5-0-0,5
32-5-0-1,5
32-5-1-0,5
32-5-1-1,5
32-5-10-0,2
32-5-10-1,2
32-5-11-0,6
32-5-11-1,6
32-5-12-0,5
32-5-12-1,5
32-5-13-0,2
32-5-13-1,2
32-5-2-0,2
32-5-2-1,2
32-5-3-0,5
32-5-3-1,5
32-5-4-0,5
32-5-4-1,5
32-5-5-0,5
32-5-5-1,5
32-5-6-0,2
32-5-6-1,2
32-5-7-0,2
32-5-7-1,2
32-5-8-0,5
32-5-8-1,5
32-5-9-0,5
32-5-9-1,5
32-6-0-0,5
32-6-0-1,5
32-6-1-0,5
32-6-1-1,5
32-6-2-0,5
32-6-2-1,5
32-6-3-0,2
32-6-3-1,2
32-6-4-0,5
32-6-4-1,5
32-6-6-0,5
32-6-6-1,5
32-6-7-0,2
32-6-7-1,2
32-6-8-0,5
32-6-8-1,5
32-6-9-0,6
32-6-9-1,6
32-7-0-0,5
32-7-0-1,5
32-7-1-0,2
32-7-1-1,2
32-7-2-0,5
32-7-2-1,5
32-7-3-0,6
32-7-3-1,6
32-7-4-0,5
32-7-4-1,5
32-7-6-0,2
32-7-6-1,2
32-7-7-0,5
32-7-7-1,5
32-7-8-0,5
32-7-8-1,5
32-8-1-0,5
32-8-1-1,5
32-9-0-0,2
32-9-0-1,2
32-9-1-0,2
32-9-1-1,2
32-9-2-0,5
32-9-2-1,5
32-9-5-0,5
32-9-5-1,5
33-0-0-0,6
33-0-0-1,6
33-0-1-0,5
33-0-1-1,5
33-1-0-0,5
33-1-0-1,5
33-1-1-0,5
33-1-1-1,5
33-1-10-0,5
33-1-10-1,5
33-1-11-0,5
33-1-11-1,5
33-1-12-0,6
33-1-12-1,6
33-1-13-0,5
33-1-13-1,5
33-1-2-0,2
33-1-2-1,2
33-1-3-0,6
33-1-3-1,6
33-1-5-0,5
33-1-5-1,5
33-1-6-0,5
33-1-6-1,5
33-1-7-0,5
33-1-7-1,5
33-1-8-0,6
33-1-8-1,6
33-1-9-0,5
33-1-9-1,5
33-10-0-0,5
33-10-0-1,5
33-10-1-0,5
33-10-1-1,5
33-10-2-0,5
33-10-2-1,5
33-10-3-0,2
33-10-3-1,2
33-10-4-0,5
33-10-4-1,5
33-10-6-0,6
33-10-6-1,6
33-11-0-0,5
33-11-0-1,5
33-11-1-0,5
33-11-1-1,5
33-11-2-0,5
33-11-2-1,5
33-11-3-0,5
33-11-3-1,5
33-11-4-0,5
33-11-4-1,5
33-11-5-0,5
33-11-5-1,5
33-11-6-0,5
33-11-6-1,5
33-2-0-0,5
33-2-0-1,5
33-2-1-0,5
33-2-1-1,5
33-2-2-0,5
33-2-2-1,5
33-2-3-0,2
33-2-3-1,2
33-2-4-0,5
33-2-4-1,5
33-2-5-0,5
33-2-5-1,5
33-3-0-0,5
33-3-0-1,5
33-3-1-0,6
33-3-1-1,6
33-3-3-0,5
33-3-3-1,5
33-3-4-0,5
33-3-4-1,5
33-3-5-0,5
33-3-5-1,5
33-4-0-0,2
33-4-0-1,2
33-4-1-0,2
33-4-1-1,2
33-4-10-0,5
33-4-10-1,5
33-4-12-0,2
33-4-12-1,2
33-4-2-0,5
33-4-2-1,5
33-4-3-0,5
33-4-3-1,5
33-4-4-0,5
33-4-4-1,5
33-4-5-0,2
33-4-5-1,2
33-4-6-0,2
33-4-6-1,2
33-4-7-0,5
33-4-7-1,5
33-4-8-0,5
33-4-8-1,5
33-4-9-0,2
33-4-9-1,2
33-5-0-0,5
33-5-0-1,5
33-5-1-0,5
33-5-1-1,5
33-5-2-0,6
33-5-2-1,6
33-5-3-0,2
33-5-3-1,2
33-5-4-0,2
33-5-4-1,2
33-5-7-0,5
33-5-7-1,5
33-6-0-0,5
33-6-0-1,5
33-6-1-0,2
33-6-1-1,2
33-7-0-0,5
33-7-0-1,5
33-7-1-0,2
33-7-1-1,2
33-7-2-0,2
33-7-2-1,2
33-7-3-0,5
33-7-3-1,5
33-7-4-0,2
33-7-4-1,2
33-7-5-0,2
33-7-5-1,2
33-7-6-0,5
33-7-6-1,5
33-8-1-0,5
33-8-1-1,5
33-8-2-0,2
33-8-2-1,2
33-8-3-0,5
33-8-3-1,5
33-8-4-0,5
33-8-4-1,5
33-8-5-0,6
33-8-5-1,6
33-8-6-0,5
33-8-6-1,5
33-8-7-0,5
33-8-7-1,5
33-9-0-0,5
33-9-0-1,5
33-9-1-0,5
33-9-1-1,5
33-9-2-0,6
33-9-2-1,6
33-9-3-0,2
33-9-3-1,2
33-9-4-0,2
33-9-4-1,2
33-9-5-0,5
33-9-5-1,5
33-9-6-0,2
33-9-6-1,2
33-9-7-0,5
33-9-7-1,5
33-9-8-0,5
33-9-8-1,5
33-9-9-0,5
33-9-9-1,5
34-0-0-0,5
34-0-0-1,5
34-0-1-0,2
34-0-1-1,2
34-0-2-0,5
34-0-2-1,5
34-0-3-0,2
34-0-3-1,2
34-1-0-0,5
34-1-0-1,5
34-1-1-0,5
34-1-1-1,5
34-2-0-0,2
34-2-0-1,2
34-2-1-0,5
34-2-1-1,5
34-2-2-0,5
34-2-2-1,5
34-2-3-0,5
34-2-3-1,5
34-2-4-0,5
34-2-4-1,5
34-2-5-0,2
34-2-5-1,2
34-3-0-0,5
34-3-0-1,5
34-3-1-0,5
34-3-1-1,5
34-4-0-0,2
34-4-0-1,2
34-4-1-0,2
34-4-1-1,2
34-4-2-0,2
34-4-2-1,2
34-5-0-0,2
34-5-0-1,2
34-5-2-0,5
34-5-2-1,5
34-5-3-0,5
34-5-3-1,5
34-5-4-0,5
34-5-4-1,5
35-0-0-0,5
35-0-0-1,5
35-0-1-0,5
35-0-1-1,5
35-0-10-0,5
35-0-10-1,5
35-0-11-0,5
35-0-11-1,5
35-0-12-0,5
35-0-12-1,5
35-0-13-0,5
35-0-13-1,5
35-0-2-0,2
35-0-2-1,2
35-0-3-0,5
35-0-3-1,5
35-0-4-0,5
35-0-4-1,5
35-0-5-0,5
35-0-5-1,5
35-0-6-0,2
35-0-6-1,2
35-0-7-0,2
35-0-7-1,2
35-0-8-0,5
35-0-8-1,5
35-0-9-0,2
35-0-9-1,2
35-1-0-0,5
35-1-0-1,5
35-1-1-0,2
35-1-1-1,2
35-1-2-0,2
35-1-2-1,2
35-1-3-0,5
35-1-3-1,5
35-2-0-0,2
35-2-0-1,2
35-2-1-0,5
35-2-1-1,5
35-2-10-0,5
35-2-10-1,5
35-2-11-0,5
35-2-11-1,5
35-2-12-0,2
35-2-12-1,2
35-2-2-0,5
35-2-2-1,5
35-2-3-0,5
35-2-3-1,5
35-2-4-0,5
35-2-4-1,5
35-2-5-0,5
35-2-5-1,5
35-2-6-0,5
35-2-6-1,5
35-2-7-0,5
35-2-7-1,5
35-2-8-0,5
35-2-8-1,5
35-2-9-0,5
35-2-9-1,5
35-3-0-0,5
35-3-0-1,5
35-3-1-0,5
35-3-1-1,5
35-3-2-0,5
35-3-2-1,5
36-0-0-0,5
36-0-0-1,5
36-0-10-0,5
36-0-10-1,5
36-0-2-0,5
36-0-2-1,5
36-0-3-0,2
36-0-3-1,2
36-0-4-0,5
36-0-4-1,5
36-0-5-0,5
36-0-5-1,5
36-0-6-0,2
36-0-6-1,2
36-0-7-0,5
36-0-7-1,5
36-0-8-0,5
36-0-8-1,5
36-0-9-0,5
36-0-9-1,5
36-1-0-0,5
36-1-0-1,5
36-1-1-0,2
36-1-1-1,2
36-1-10-0,5
36-1-10-1,5
36-1-11-0,5
36-1-11-1,5
36-1-12-0,2
36-1-12-1,2
36-1-2-0,2
36-1-2-1,2
36-1-3-0,5
36-1-3-1,5
36-1-4-0,2
36-1-4-1,2
36-1-5-0,5
36-1-5-1,5
36-1-6-0,2
36-1-6-1,2
36-1-7-0,2
36-1-7-1,2
36-1-8-0,2
36-1-8-1,2
36-1-9-0,5
36-1-9-1,5
36-2-0-0,2
36-2-0-1,2
36-2-2-0,5
36-2-2-1,5
36-2-3-0,5
36-2-3-1,5
36-2-4-0,2
36-2-4-1,2
36-2-5-0,2
36-2-5-1,2
36-2-6-0,2
36-2-6-1,2
36-2-7-0,5
36-2-7-1,5
36-3-0-0,2
36-3-0-1,2
36-3-1-0,5
36-3-1-1,5
36-3-2-0,5
36-3-2-1,5
36-3-3-0,5
36-3-3-1,5
36-4-0-0,5
36-4-0-1,5
36-4-1-0,5
36-4-1-1,5
36-5-0-0,5
36-5-0-1,5
36-5-1-0,2
36-5-1-1,2
36-5-2-0,5
36-5-2-1,5
36-5-3-0,2
36-5-3-1,2
36-5-4-0,2
36-5-4-1,2
36-5-6-0,2
36-5-6-1,2
36-5-7-0,5
36-5-7-1,5
36-5-8-0,5
36-5-8-1,5
36-5-9-0,5
36-5-9-1,5
36-6-0-0,5
36-6-0-1,5
36-6-1-0,5
36-6-1-1,5
36-6-2-0,5
36-6-2-1,5
36-6-3-0,5
36-6-3-1,5
36-6-4-0,5
36-6-4-1,5
36-6-5-0,2
36-6-5-1,2
36-6-6-0,5
36-6-6-1,5
36-6-8-0,5
36-6-8-1,5
37-0-0-0,2
37-0-0-1,2
37-0-1-0,2
37-0-1-1,2
37-0-2-0,5
37-0-2-1,5
37-0-3-0,5
37-0-3-1,5
37-0-4-0,5
37-0-4-1,5
37-1-0-0,5
37-1-0-1,5
37-1-2-0,2
37-1-2-1,2
37-1-3-0,5
37-1-3-1,5
37-1-4-0,2
37-1-4-1,2
37-2-0-0,2
37-2-0-1,2
37-2-1-0,5
37-2-1-1,5
37-2-10-0,5
37-2-10-1,5
37-2-11-0,5
37-2-11-1,5
37-2-12-0,2
37-2-12-1,2
37-2-13-0,5
37-2-13-1,5
37-2-2-0,2
37-2-2-1,2
37-2-3-0,5
37-2-3-1,5
37-2-4-0,5
37-2-4-1,5
37-2-5-0,5
37-2-5-1,5
37-2-6-0,5
37-2-6-1,5
37-2-7-0,5
37-2-7-1,5
37-2-9-0,5
37-2-9-1,5
37-3-0-0,2
37-3-0-1,2
37-3-1-0,5
37-3-1-1,5
37-3-2-0,5
37-3-2-1,5
37-4-0-0,5
37-4-0-1,5
37-4-1-0,5
37-4-1-1,5
37-4-2-0,5
37-4-2-1,5
37-4-3-0,2
37-4-3-1,2
37-4-4-0,5
37-4-4-1,5
37-4-5-0,5
37-4-5-1,5
37-4-7-0,5
37-4-7-1,5
37-4-8-0,5
37-4-8-1,5
37-4-9-0,5
37-4-9-1,5
37-5-1-0,2
37-5-1-1,2
37-5-10-0,5
37-5-10-1,5
37-5-11-0,5
37-5-11-1,5
37-5-12-0,5
37-5-12-1,5
37-5-13-0,5
37-5-13-1,5
37-5-2-0,2
37-5-2-1,2
37-5-3-0,5
37-5-3-1,5
37-5-4-0,5
37-5-4-1,5
37-5-5-0,5
37-5-5-1,5
37-5-6-0,5
37-5-6-1,5
37-5-7-0,5
37-5-7-1,5
37-5-8-0,5
37-5-8-1,5
37-5-9-0,5
37-5-9-1,5
37-6-0-0,5
37-6-0-1,5
37-6-2-0,5
37-6-2-1,5
37-6-3-0,2
37-6-3-1,2
37-6-5-0,5
37-6-5-1,5
37-6-6-0,5
37-6-6-1,5
37-6-7-0,2
37-6-7-1,2
37-7-0-0,2
37-7-0-1,2
37-7-1-0,5
37-7-1-1,5
37-7-10-0,5
37-7-10-1,5
37-7-11-0,2
37-7-11-1,2
37-7-12-0,2
37-7-12-1,2
37-7-2-0,5
37-7-2-1,5
37-7-3-0,2
37-7-3-1,2
37-7-4-0,5
37-7-4-1,5
37-7-5-0,5
37-7-5-1,5
37-7-6-0,5
37-7-6-1,5
37-7-7-0,5
37-7-7-1,5
37-7-8-0,5
37-7-8-1,5
37-7-9-0,5
37-7-9-1,5
37-8-0-0,5
37-8-0-1,5
37-8-1-0,5
37-8-1-1,5
37-8-2-0,5
37-8-2-1,5
38-0-0-0,5
38-0-0-1,5
38-0-1-0,2
38-0-1-1,2
38-1-0-0,5
38-1-0-1,5
38-1-1-0,5
38-1-1-1,5
38-1-3-0,2
38-1-3-1,2
38-1-4-0,2
38-1-4-1,2
38-10-0-0,5
38-10-0-1,5
38-10-1-0,5
38-10-1-1,5
38-10-2-0,5
38-10-2-1,5
38-10-3-0,5
38-10-3-1,5
38-2-0-0,5
38-2-0-1,5
38-2-1-0,5
38-2-1-1,5
38-2-2-0,5
38-2-2-1,5
38-2-3-0,2
38-2-3-1,2
38-2-4-0,5
38-2-4-1,5
38-2-5-0,5
38-2-5-1,5
38-3-0-0,5
38-3-0-1,5
38-3-1-0,5
38-3-1-1,5
38-3-2-0,2
38-3-2-1,2
38-3-3-0,5
38-3-3-1,5
38-3-4-0,5
38-3-4-1,5
38-4-0-0,5
38-4-0-1,5
38-4-1-0,5
38-4-1-1,5
38-4-3-0,5
38-4-3-1,5
38-4-4-0,5
38-4-4-1,5
38-5-0-0,5
38-5-0-1,5
38-5-1-0,5
38-5-1-1,5
38-5-2-0,5
38-5-2-1,5
38-6-0-0,5
38-6-0-1,5
38-6-1-0,5
38-6-1-1,5
38-6-2-0,5
38-6-2-1,5
38-6-3-0,2
38-6-3-1,2
38-7-0-0,2
38-7-0-1,2
38-7-1-0,5
38-7-1-1,5
38-8-0-0,5
38-8-0-1,5
38-8-1-0,5
38-8-1-1,5
38-8-2-0,2
38-8-2-1,2
38-9-0-0,5
38-9-0-1,5
38-9-1-0,5
38-9-1-1,5
38-9-2-0,5
38-9-2-1,5
38-9-3-0,5
38-9-3-1,5
38-9-4-0,5
38-9-4-1,5
38-9-5-0,5
38-9-5-1,5
39-0-0-0,2
39-0-0-1,2
39-0-1-0,5
39-0-1-1,5
39-0-2-0,5
39-0-2-1,5
39-0-3-0,2
39-0-3-1,2
39-0-4-0,2
39-0-4-1,2
39-1-0-0,5
39-1-0-1,5
39-1-1-0,5
39-1-1-1,5
39-1-2-0,5
39-1-2-1,5
39-1-3-0,2
39-1-3-1,2
39-1-4-0,5
39-1-4-1,5
39-1-5-0,2
39-1-5-1,2
39-1-6-0,5
39-1-6-1,5
39-1-7-0,5
39-1-7-1,5
39-10-0-0,2
39-10-0-1,2
39-10-1-0,2
39-10-1-1,2
39-10-2-0,5
39-10-2-1,5
39-11-0-0,5
39-11-0-1,5
39-11-1-0,5
39-11-1-1,5
39-11-11-0,5
39-11-11-1,5
39-11-12-0,2
39-11-12-1,2
39-11-13-0,5
39-11-13-1,5
39-11-2-0,5
39-11-2-1,5
39-11-3-0,5
39-11-3-1,5
39-11-4-0,5
39-11-4-1,5
39-11-5-0,2
39-11-5-1,2
39-11-6-0,5
39-11-6-1,5
39-11-7-0,5
39-11-7-1,5
39-11-8-0,5
39-11-8-1,5
39-11-9-0,5
39-11-9-1,5
39-12-0-0,5
39-12-0-1,5
39-12-1-0,5
39-12-1-1,5
39-12-2-0,2
39-12-2-1,2
39-12-3-0,5
39-12-3-1,5
39-12-4-0,5
39-12-4-1,5
39-13-0-0,5
39-13-0-1,5
39-13-1-0,5
39-13-1-1,5
39-13-10-0,5
39-13-10-1,5
39-13-11-0,5
39-13-11-1,5
39-13-12-0,5
39-13-12-1,5
39-13-13-0,5
39-13-13-1,5
39-13-2-0,5
39-13-2-1,5
39-13-3-0,2
39-13-3-1,2
39-13-4-0,2
39-13-4-1,2
39-13-5-0,5
39-13-5-1,5
39-13-6-0,5
39-13-6-1,5
39-13-7-0,2
39-13-7-1,2
39-13-8-0,2
39-13-8-1,2
39-13-9-0,5
39-13-9-1,5
39-14-0-0,5
39-14-0-1,5
39-14-1-0,2
39-14-1-1,2
39-14-2-0,2
39-14-2-1,2
39-14-3-0,5
39-14-3-1,5
39-14-4-0,5
39-14-4-1,5
39-14-5-0,5
39-14-5-1,5
39-14-6-0,5
39-14-6-1,5
39-14-8-0,5
39-14-8-1,5
39-2-0-0,5
39-2-0-1,5
39-2-2-0,5
39-2-2-1,5
39-2-3-0,2
39-2-3-1,2
39-2-5-0,5
39-2-5-1,5
39-2-6-0,5
39-2-6-1,5
39-2-7-0,5
39-2-7-1,5
39-2-8-0,5
39-2-8-1,5
39-2-9-0,5
39-2-9-1,5
39-3-0-0,5
39-3-0-1,5
39-3-1-0,5
39-3-1-1,5
39-3-2-0,5
39-3-2-1,5
39-4-0-0,5
39-4-0-1,5
39-4-1-0,2
39-4-1-1,2
39-4-2-0,5
39-4-2-1,5
39-4-3-0,5
39-4-3-1,5
39-5-0-0,5
39-5-0-1,5
39-5-1-0,5
39-5-1-1,5
39-5-2-0,5
39-5-2-1,5
39-5-3-0,5
39-5-3-1,5
39-5-4-0,5
39-5-4-1,5
39-5-5-0,5
39-5-5-1,5
39-5-6-0,2
39-5-6-1,2
39-5-7-0,5
39-5-7-1,5
39-6-0-0,5
39-6-0-1,5
39-6-1-0,5
39-6-1-1,5
39-6-3-0,5
39-6-3-1,5
39-6-4-0,5
39-6-4-1,5
39-6-5-0,2
39-6-5-1,2
39-6-6-0,5
39-6-6-1,5
39-6-7-0,5
39-6-7-1,5
39-6-8-0,5
39-6-8-1,5
39-7-0-0,2
39-7-0-1,2
39-7-1-0,5
39-7-1-1,5
39-7-2-0,2
39-7-2-1,2
39-7-3-0,2
39-7-3-1,2
39-7-4-0,5
39-7-4-1,5
39-7-5-0,5
39-7-5-1,5
39-7-6-0,5
39-7-6-1,5
39-7-7-0,5
39-7-7-1,5
39-7-8-0,5
39-7-8-1,5
39-8-0-0,5
39-8-0-1,5
39-8-1-0,2
39-8-1-1,2
39-8-10-0,5
39-8-10-1,5
39-8-11-0,5
39-8-11-1,5
39-8-12-0,5
39-8-12-1,5
39-8-13-0,5
39-8-13-1,5
39-8-2-0,5
39-8-2-1,5
39-8-3-0,5
39-8-3-1,5
39-8-4-0,5
39-8-4-1,5
39-8-5-0,5
39-8-5-1,5
39-8-6-0,5
39-8-6-1,5
39-8-7-0,5
39-8-7-1,5
39-8-8-0,5
39-8-8-1,5
39-8-9-0,5
39-8-9-1,5
39-9-1-0,5
39-9-1-1,5
39-9-2-0,2
39-9-2-1,2
4-0-0-0,5
4-0-0-1,5
4-0-1-0,2
4-0-1-1,2
4-0-10-0,5
4-0-10-1,5
4-0-2-0,2
4-0-2-1,2
4-0-4-0,5
4-0-4-1,5
4-0-5-0,5
4-0-5-1,5
4-0-7-0,5
4-0-7-1,5
4-0-8-0,5
4-0-8-1,5
4-0-9-0,2
4-0-9-1,2
4-1-0-0,5
4-1-0-1,5
4-1-1-0,5
4-1-1-1,5
4-1-2-0,5
4-1-2-1,5
4-1-3-0,5
4-1-3-1,5
4-10-0-0,5
4-10-0-1,5
4-10-1-0,2
4-10-1-1,2
4-10-2-0,5
4-10-2-1,5
4-10-3-0,5
4-10-3-1,5
4-10-4-0,5
4-10-4-1,5
4-10-5-0,5
4-10-5-1,5
4-11-0-0,5
4-11-0-1,5
4-11-1-0,5
4-11-1-1,5
4-11-2-0,5
4-11-2-1,5
4-11-3-0,2
4-11-3-1,2
4-12-0-0,5
4-12-0-1,5
4-12-1-0,5
4-12-1-1,5
4-12-10-0,2
4-12-10-1,2
4-12-11-0,5
4-12-11-1,5
4-12-12-0,5
4-12-12-1,5
4-12-2-0,5
4-12-2-1,5
4-12-3-0,2
4-12-3-1,2
4-12-4-0,5
4-12-4-1,5
4-12-5-0,2
4-12-5-1,2
4-12-6-0,5
4-12-6-1,5
4-12-7-0,5
4-12-7-1,5
4-12-8-0,5
4-12-8-1,5
4-12-9-0,5
4-12-9-1,5
4-13-1-0,5
4-13-1-1,5
4-13-10-0,5
4-13-10-1,5
4-13-13-0,5
4-13-13-1,5
4-13-2-0,5
4-13-2-1,5
4-13-3-0,5
4-13-3-1,5
4-13-4-0,5
4-13-4-1,5
4-13-5-0,5
4-13-5-1,5
4-13-6-0,5
4-13-6-1,5
4-13-7-0,2
4-13-7-1,2
4-13-8-0,5
4-13-8-1,5
4-13-9-0,5
4-13-9-1,5
4-2-0-0,5
4-2-0-1,5
4-2-1-0,2
4-2-1-1,2
4-2-2-0,5
4-2-2-1,5
4-3-0-0,5
4-3-0-1,5
4-3-1-0,5
4-3-1-1,5
4-3-2-0,5
4-3-2-1,5
4-3-3-0,2
4-3-3-1,2
4-3-4-0,5
4-3-4-1,5
4-3-5-0,5
4-3-5-1,5
4-4-0-0,5
4-4-0-1,5
4-4-1-0,5
4-4-1-1,5
4-4-10-0,5
4-4-10-1,5
4-4-12-0,5
4-4-12-1,5
4-4-2-0,5
4-4-2-1,5
4-4-3-0,5
4-4-3-1,5
4-4-4-0,5
4-4-4-1,5
4-4-5-0,5
4-4-5-1,5
4-4-6-0,2
4-4-6-1,2
4-4-7-0,5
4-4-7-1,5
4-4-8-0,2
4-4-8-1,2
4-4-9-0,5
4-4-9-1,5
4-5-0-0,5
4-5-0-1,5
4-5-1-0,5
4-5-1-1,5
4-5-2-0,2
4-5-2-1,2
4-5-4-0,5
4-5-4-1,5
4-5-5-0,5
4-5-5-1,5
4-5-6-0,2
4-5-6-1,2
4-5-7-0,5
4-5-7-1,5
4-5-8-0,5
4-5-8-1,5
4-6-0-0,5
4-6-0-1,5
4-6-1-0,2
4-6-1-1,2
4-7-0-0,5
4-7-0-1,5
4-7-1-0,5
4-7-1-1,5
4-7-10-0,5
4-7-10-1,5
4-7-11-0,5
4-7-11-1,5
4-7-12-0,5
4-7-12-1,5
4-7-13-0,5
4-7-13-1,5
4-7-2-0,5
4-7-2-1,5
4-7-3-0,5
4-7-3-1,5
4-7-5-0,5
4-7-5-1,5
4-7-6-0,5
4-7-6-1,5
4-7-7-0,5
4-7-7-1,5
4-7-8-0,5
4-7-8-1,5
4-7-9-0,2
4-7-9-1,2
4-8-1-0,5
4-8-1-1,5
4-8-2-0,5
4-8-2-1,5
4-8-3-0,2
4-8-3-1,2
4-8-4-0,5
4-8-4-1,5
4-9-0-0,2
4-9-0-1,2
4-9-1-0,5
4-9-1-1,5
4-9-2-0,5
4-9-2-1,5
4-9-3-0,5
4-9-3-1,5
4-9-4-0,5
4-9-4-1,5
4-9-5-0,5
4-9-5-1,5
4-9-6-0,2
4-9-6-1,2
5-0-0-0,5
5-0-0-1,5
5-0-1-0,5
5-0-1-1,5
5-0-2-0,5
5-0-2-1,5
5-0-3-0,5
5-0-3-1,5
5-0-4-0,5
5-0-4-1,5
5-1-0-0,5
5-1-0-1,5
5-1-1-0,5
5-1-1-1,5
5-1-3-0,5
5-1-3-1,5
5-1-4-0,2
5-1-4-1,2
5-1-5-0,5
5-1-5-1,5
5-1-6-0,2
5-1-6-1,2
6-0-0-0,2
6-0-0-1,2
6-0-1-0,2
6-0-1-1,2
6-0-2-0,2
6-0-2-1,2
6-0-3-0,5
6-0-3-1,5
6-0-4-0,5
6-0-4-1,5
6-1-0-0,5
6-1-0-1,5
6-1-1-0,5
6-1-1-1,5
6-1-2-0,5
6-1-2-1,5
6-1-3-0,5
6-1-3-1,5
6-1-4-0,5
6-1-4-1,5
6-1-5-0,2
6-1-5-1,2
6-1-6-0,2
6-1-6-1,2
6-1-7-0,2
6-1-7-1,2
6-1-8-0,2
6-1-8-1,2
6-2-0-0,5
6-2-0-1,5
6-2-1-0,2
6-2-1-1,2
6-2-2-0,5
6-2-2-1,5
6-2-3-0,5
6-2-3-1,5
6-3-1-0,5
6-3-1-1,5
6-3-2-0,5
6-3-2-1,5
6-3-3-0,5
6-3-3-1,5
6-3-4-0,2
6-3-4-1,2
6-3-5-0,5
6-3-5-1,5
6-3-6-0,5
6-3-6-1,5
6-3-7-0,5
6-3-7-1,5
6-3-8-0,5
6-3-8-1,5
7-0-0-0,2
7-0-0-1,2
7-0-1-0,5
7-0-1-1,5
7-0-2-0,5
7-0-2-1,5
7-0-3-0,5
7-0-3-1,5
7-0-4-0,2
7-0-4-1,2
7-0-5-0,5
7-0-5-1,5
7-0-6-0,5
7-0-6-1,5
7-1-0-0,2
7-1-0-1,2
7-1-1-0,5
7-1-1-1,5
7-10-0-0,5
7-10-0-1,5
7-10-1-0,5
7-10-1-1,5
7-10-10-0,5
7-10-10-1,5
7-10-2-0,2
7-10-2-1,2
7-10-3-0,5
7-10-3-1,5
7-10-4-0,5
7-10-4-1,5
7-10-5-0,5
7-10-5-1,5
7-10-6-0,5
7-10-6-1,5
7-10-7-0,2
7-10-7-1,2
7-10-8-0,5
7-10-8-1,5
7-10-9-0,5
7-10-9-1,5
7-2-0-0,5
7-2-0-1,5
7-2-1-0,5
7-2-1-1,5
7-2-10-0,5
7-2-10-1,5
7-2-2-0,5
7-2-2-1,5
7-2-3-0,2
7-2-3-1,2
7-2-4-0,5
7-2-4-1,5
7-2-5-0,2
7-2-5-1,2
7-2-6-0,5
7-2-6-1,5
7-2-7-0,5
7-2-7-1,5
7-2-8-0,5
7-2-8-1,5
7-2-9-0,5
7-2-9-1,5
7-3-0-0,5
7-3-0-1,5
7-3-1-0,2
7-3-1-1,2
7-3-2-0,5
7-3-2-1,5
7-3-3-0,5
7-3-3-1,5
7-3-4-0,2
7-3-4-1,2
7-3-5-0,5
7-3-5-1,5
7-3-6-0,5
7-3-6-1,5
7-3-9-0,5
7-3-9-1,5
7-4-0-0,2
7-4-0-1,2
7-4-1-0,2
7-4-1-1,2
7-4-2-0,2
7-4-2-1,2
7-4-3-0,5
7-4-3-1,5
7-4-4-0,5
7-4-4-1,5
7-5-0-0,5
7-5-0-1,5
7-5-1-0,2
7-5-1-1,2
7-6-1-0,5
7-6-1-1,5
7-7-0-0,2
7-7-0-1,2
7-7-1-0,5
7-7-1-1,5
7-7-10-0,5
7-7-10-1,5
7-7-11-0,2
7-7-11-1,2
7-7-2-0,5
7-7-2-1,5
7-7-3-0,2
7-7-3-1,2
7-7-4-0,5
7-7-4-1,5
7-7-5-0,5
7-7-5-1,5
7-7-6-0,5
7-7-6-1,5
7-7-7-0,5
7-7-7-1,5
7-7-8-0,5
7-7-8-1,5
7-8-0-0,2
7-8-0-1,2
7-8-1-0,5
7-8-1-1,5
7-8-2-0,5
7-8-2-1,5
7-8-3-0,5
7-8-3-1,5
7-8-4-0,5
7-8-4-1,5
7-9-0-0,5
7-9-0-1,5
7-9-1-0,5
7-9-1-1,5
7-9-2-0,2
7-9-2-1,2
7-9-3-0,5
7-9-3-1,5
7-9-4-0,5
7-9-4-1,5
7-9-5-0,5
7-9-5-1,5
7-9-6-0,2
7-9-6-1,2
7-9-7-0,2
7-9-7-1,2
8-0-0-0,5
8-0-0-1,5
8-0-1-0,5
8-0-1-1,5
8-0-3-0,5
8-0-3-1,5
8-0-4-0,5
8-0-4-1,5
8-0-5-0,2
8-0-5-1,2
8-0-6-0,5
8-0-6-1,5
8-0-7-0,5
8-0-7-1,5
8-1-0-0,2
8-1-0-1,2
8-1-1-0,5
8-1-1-1,5
8-1-3-0,5
8-1-3-1,5
8-1-4-0,5
8-1-4-1,5
8-1-5-0,5
8-1-5-1,5
8-1-6-0,5
8-1-6-1,5
8-1-7-0,5
8-1-7-1,5
8-1-8-0,5
8-1-8-1,5
8-2-0-0,2
8-2-0-1,2
8-2-1-0,5
8-2-1-1,5
8-2-2-0,5
8-2-2-1,5
8-2-3-0,5
8-2-3-1,5
8-2-5-0,5
8-2-5-1,5
8-2-6-0,5
8-2-6-1,5
8-3-0-0,5
8-3-0-1,5
8-3-1-0,5
8-3-1-1,5
8-3-2-0,5
8-3-2-1,5
8-4-0-0,5
8-4-0-1,5
8-4-1-0,5
8-4-1-1,5
9-0-0-0,5
9-0-0-1,5
9-0-1-0,5
9-0-1-1,5
9-0-10-0,5
9-0-10-1,5
9-0-11-0,5
9-0-11-1,5
9-0-12-0,2
9-0-12-1,2
9-0-13-0,2
9-0-13-1,2
9-0-2-0,5
9-0-2-1,5
9-0-3-0,5
9-0-3-1,5
9-0-4-0,5
9-0-4-1,5
9-0-5-0,2
9-0-5-1,2
9-0-6-0,5
9-0-6-1,5
9-0-7-0,5
9-0-7-1,5
9-0-8-0,5
9-0-8-1,5
9-0-9-0,5
9-0-9-1,5
9-1-0-0,5
9-1-0-1,5
9-1-1-0,2
9-1-1-1,2
9-1-2-0,5
9-1-2-1,5
9-1-3-0,5
9-1-3-1,5
9-1-4-0,5
9-1-4-1,5
9-1-5-0,2
9-1-5-1,2
9-1-6-0,5
9-1-6-1,5
9-1-7-0,5
9-1-7-1,5
9-1-8-0,5
9-1-8-1,5
9-1-9-0,5
9-1-9-1,5
9-2-0-0,2
9-2-0-1,2
9-2-1-0,5
9-2-1-1,5
9-2-2-0,5
9-2-2-1,5
9-2-3-0,5
9-2-3-1,5
9-2-4-0,5
9-2-4-1,5
9-2-5-0,5
9-2-5-1,5
9-3-0-0,5
9-3-0-1,5
9-3-1-0,5
9-3-1-1,5
9-3-2-0,5
9-3-2-1,5
9-3-4-0,2
9-3-4-1,2
9-3-5-0,5
9-3-5-1,5
